{
    "/debug" : "Debugging",
    "/roll" : "RollCharacterGenshinImpact",
    "/sticker" : "sticker",
    "genchan," : "AskingGenchan",
    "/number" : "GenerateNumber",
    "/weapon-list" : "FindEntireWeaponGenshinImpact",
    "/weapon" : "FindWeaponGenshinImpact",
    "/character-list" : "FindEntireCharacterGenshinImpact",
    "/character" : "FindCharacterGenshinImpact",
    "/calculate" : "CalculateGenshinImpact",
    "/simulate" : "SimulateGenshinImpact",
    "/event" : "FindEventInformationGenshinImpact",
    "/profile" : "CheckProfileLine",
    "/kiss" : "KissMentionLine",
    "/degentext" : "FindEntireDegenerateText",
    "/wangy" : "WangyCopypasta",
    "/gemeteran" : "GemeteranCopypasta",
    "/simp" : "SimpCopypasta",
    "/klaimwaifu" : "KlaimWaifuCopypasta",
    "/butuhkaga" : "ButuhkagaCopypasta",
    "/kasus" : "KasusCopypasta",
    "/picture" : "FindPictureBooru",
    "/mocking" : "MockingText",
    "/ping" : "PingGenchan",
    "/battle" : "EpicBattle",
    "/logchat" : "RetriveLogChat",
    "/genchan" : "CheckBotInfo",
    "/check" : "TesEndpoint",
    "/group" : "GroupChatSummary",
    "/operator" : "FindOperatorList"
}