{ 
    ":sleep:"   		: "https://stickershop.line-scdn.net/stickershop/v1/sticker/369258382/android/sticker.png",
	":please:"  		: "https://stickershop.line-scdn.net/stickershop/v1/sticker/369258383/android/sticker.png",
	":apa?:"  			: "https://stickershop.line-scdn.net/stickershop/v1/sticker/369258384/android/sticker.png",
	":1mora:" 			: "https://stickershop.line-scdn.net/stickershop/v1/sticker/369258385/android/sticker.png",
	":petarung:"  		: "https://stickershop.line-scdn.net/stickershop/v1/sticker/369258386/android/sticker.png",
	":treasure:"  		: "https://stickershop.line-scdn.net/stickershop/v1/sticker/369258387/android/sticker.png",
	":smug:"  			: "https://stickershop.line-scdn.net/stickershop/v1/sticker/369258388/android/sticker.png",
	":sini:" 			: "https://stickershop.line-scdn.net/stickershop/v1/sticker/369258389/android/sticker.png",
	":lapar:"  			: "https://stickershop.line-scdn.net/stickershop/v1/sticker/369258390/android/sticker.png",
	":benar:"  			: "https://stickershop.line-scdn.net/stickershop/v1/sticker/369258391/android/sticker.png",
	":hoo:"  			: "https://stickershop.line-scdn.net/stickershop/v1/sticker/369258392/android/sticker.png",
	":terdiam:" 		: "https://stickershop.line-scdn.net/stickershop/v1/sticker/369258393/android/sticker.png",
	":hah:" 			: "https://stickershop.line-scdn.net/stickershop/v1/sticker/369258394/android/sticker.png",
	":tidur:"  			: "https://stickershop.line-scdn.net/stickershop/v1/sticker/369258395/android/sticker.png",
	":amerkuy:"  		: "https://stickershop.line-scdn.net/stickershop/v1/sticker/369258396/android/sticker.png",
	":nangid:" 			: "https://stickershop.line-scdn.net/stickershop/v1/sticker/369258397/android/sticker.png",
	":drink:"  			: "https://stickershop.line-scdn.net/stickershop/v1/sticker/18174885/android/sticker.png",
	":kaget:" 			: "https://stickershop.line-scdn.net/stickershop/v1/sticker/8031430/android/sticker.png",
	":snikykaget:" 		: "https://stickershop.line-scdn.net/stickershop/v1/sticker/163322030/android/sticker.png",
	":snikywat:"  		: "https://stickershop.line-scdn.net/stickershop/v1/sticker/163322031/android/sticker.png",
	":sniky:"  			: "https://stickershop.line-scdn.net/stickershop/v1/sticker/163322032/android/sticker.png",
	":snikycool:"  		: "https://stickershop.line-scdn.net/stickershop/v1/sticker/163322033/android/sticker.png",
	":snikysad:" 		: "https://stickershop.line-scdn.net/stickershop/v1/sticker/163322035/android/sticker.png",
	":snikywat2:" 		: "https://stickershop.line-scdn.net/stickershop/v1/sticker/163322036/android/sticker.png",
	":snikyshy:"  		: "https://stickershop.line-scdn.net/stickershop/v1/sticker/163322037/android/sticker.png",
	":snikyfun:" 		: "https://stickershop.line-scdn.net/stickershop/v1/sticker/341778133/android/sticker.png",
	":snikybonk:" 		: "https://stickershop.line-scdn.net/stickershop/v1/sticker/341778136/android/sticker.png",
	":snikypog:" 		: "https://stickershop.line-scdn.net/stickershop/v1/sticker/341778126/android/sticker.png",
	":trollge:"			: "https://c.tenor.com/9ckqI2zyVTkAAAAC/trollge-troll.gif",
	":kyaa:"			: "https://c.tenor.com/mRSz5lJbtW0AAAAM/bugcat-bugcatsticker.gif",
	":rozaliyadance:"	: "https://c.tenor.com/FevyeB53tvAAAAAC/rozaliya-dancing.gif",
	":hutaoscared:"	 	: "https://c.tenor.com/m71SYT7QVksAAAAi/hutao-scared.gif",
	":hutao:"		 	: "https://c.tenor.com/Won7poJD6U4AAAAd/hu-tao.gif",
	":cringe:"		 	: "https://c.tenor.com/6oSEDVpeB-YAAAAd/dies-of-cringe-cringe.gif",
	":noellesmile:"	 	: "https://c.tenor.com/S5zfaBw5MMwAAAAM/noelle.gif",
	":beidoulaugh:"		: "https://c.tenor.com/CYxpGhJhVCsAAAAM/beidou-wife.gif",
	":kleeclap:"		: "https://thumbs.gfycat.com/HandyElementaryBagworm-size_restricted.gif",
	":kleelaugh:"		: "https://i.imgur.com/2jjh9z4.gif",
	":bukansticker:"	: "https://c.tenor.com/rtnshG9YFykAAAAM/rick-astley-rick-roll.gif",
	":sadtrollge:"		: "https://c.tenor.com/zdKHm8j5vIkAAAAC/saturnius-trollge.gif",
	":twerkingcrewmate:": "https://www.icegif.com/wp-content/uploads/icegif-1456.gif",
	":therocksus:"		: "https://c.tenor.com/kHcmsxlKHEAAAAAM/rock-one-eyebrow-raised-rock-staring.gif",
	":gigachad:"		: "https://c.tenor.com/epNMHGvRyHcAAAAS/gigachad-chad.gif",
	":luminelick:"		: "https://c.tenor.com/OhORIrqmOq4AAAAi/lumine-genshin-impact.gif",
	":dionangery:"		: "https://c.tenor.com/p1UUWwqX1tQAAAAi/diona-genshin.gif",
	":dionapop:"		: "https://c.tenor.com/RHaE2XVn7aEAAAAC/diona-genshin.gif",
	":paimonwat:"		: "https://c.tenor.com/JUsPPkbBgTIAAAAC/genshin-impact-shocked.gif",
	":angryklee:"		: "https://c.tenor.com/Xsy81f_GoxEAAAAC/klee-angry.gif",
	":terismack:"		: "https://c.tenor.com/qVu3KnkCt3oAAAAd/teri-smack.gif",
	":smoke:"			: "https://c.tenor.com/fGcqRedPx-UAAAAd/jax-mortal-kombat-mortal-kombat.gif",
	":nobitches:"		: "https://c.tenor.com/CQIMmoU_ipcAAAAC/no-bitches-bitches.gif",
	":acumalaka:"		: "https://media.tenor.com/iHmhywCIPiAAAAAd/kodok-acumalaka.gif"
	
}