{
    "r" : {
        "Sharpshooter's Oath" : 1,
        "Slingshot" : 2,
        "Raven Bow" : 3,
        "Ebony Bow" : 4,
        "Messenger" : 5,
        "Recurve Bow" : 6,
        "Amber Catalyst" : 7,
        "Magic Guide" : 8,
        "Thrilling Tales of Dragon Slayers" : 9,
        "Twin Nephrite" : 10,
        "Otherworldly Story" : 11,
        "Emerald Orb" : 12,
        "White Iron Greatsword" : 13,
        "Skyrider Greatsword" : 14,
        "Quartz" : 15,
        "Ferrous Shadow" : 16,
        "Debate Club" : 17,
        "Bloodtainted Greatsword" : 18,
        "Halberd" : 19,
        "Black Tassel" : 20,
        "White Tassel" : 21,
        "Skyrider Sword" : 22,
        "Fillet Blade" : 23,
        "Traveler's Handy Sword" : 24,
        "Harbinger of Dawn" : 25,
        "Dark Iron Sword" : 26,
        "Cool Steel" : 27
    },
    "sr" : {
        "Amber" : 1,
        "Barbara" : 2,
        "Beidou" : 3,
        "Bennet" : 4,
        "Chongyun" : 5,
        "Diona" : 6,
        "Fischl" : 7,
        "Kaeya" : 8,
        "Lisa" : 9,
        "Ningguang" : 10,
        "Noelle" : 11,
        "Razor" : 12,
        "Sucrose" : 13,
        "Xiangling" : 14,
        "Xingqiu" : 15,
        "Xinyan" : 16,
        "Rosaria" : 17,
        "Sayu" : 18
    },
    "ssr" : {
        "Albedo" : 1,
        "Diluc" : 2,
        "Ganyu" : 3,
        "Jean" : 4,
        "Keqing" : 5,
        "Klee" : 6,
        "Mona" : 7,
        "Qiqi" : 8,
        "Venti" : 9,
        "Zhongli" : 10,
        "Xiao" : 11,
        "Hu tao" : 12,
        "Kazuha" : 13,
        "Raiden" : 14,
        "Kokomi" : 15,
        "Ayaka" : 16
    }
}