{
    "response" : {
        "siapa" : {
            "1" : ["bukan aku kan", "reply"],
            "2" : ["genchan juga penasaran ih", "reply"],
            "3" : ["aku?", "reply"]
        },
        "kapan" : {
            "1" : ["genchan kagak inget", "reply"],
            "2" : ["iyakah", "reply"],
            "3" : ["kemarin ya", "reply"],
            "4" : ["besok sepertinya", "reply"]
        },
        "dimana" : {
            "1" : ["disebelah sana sepertinya", "reply"],
            "2" : ["genchan tidak tau", "reply"]
        },
        "mengapa" : {
            "1" : ["ada apaan", "reply"],
            "2" : ["kok bisa gitu", "reply"],
            "3" : ["genchan mau ikut nyimak", "reply"]
        },
        "bagaimana" : {
            "1" : ["kakak diatas aku kayanya tau jawabannya", "reply"],
            "2" : ["aku tidak mengerti caranya", "reply"]
        },
        "kemana" : {
            "1" : ["genchan mau ikut juga", "reply"],
            "2" : ["kalian mau kemana?", "reply"],
            "3" : ["aku boleh ikut?", "reply"]
        },
        "genchan" : {
            "1" : ["iya", "reply"]
        },
        "lapar" : {
            "1" : ["makan kak, pesen gofud sana", "reply"],
            "2" : ["makan dong, itu tukang nasi padang buka", "reply"],
            "3" : ["nasi warteg boleh tuh kak", "reply"]
        },
        "bagi" : {
            "1" : ["aku boleh juga kak?", "reply"],
            "2" : ["minta juga dong", "reply"]
        },
        "udah" : {
            "1" : ["iya sudah dong", "reply"],
            "2" : ["iya dong", "reply"],
            "3" : ["sepertinya sudah kak", "reply"]
        },
        "yuk" : {
            "1" : ["kalian mau kemana?", "reply"],
            "2" : ["IKUT", "reply"]
        },
        "keren" : {
            "1" : ["woiyadong", "reply"],
            "2" : ["banget kak", "reply"],
            "3" : ["https://c.tenor.com/fGcqRedPx-UAAAAd/jax-mortal-kombat-mortal-kombat.gif", "replyImage"]
        },
        "incest" : {
            "1" : ["stress banget", "reply"],
            "2" : ["https://c.tenor.com/9ckqI2zyVTkAAAAC/trollge-troll.gif", "replyImage"],
            "3" : ["https://c.tenor.com/kHcmsxlKHEAAAAAM/rock-one-eyebrow-raised-rock-staring.gif", "replyImage"]
        },
        "lolicon" : {
            "1" : ["stress", "reply"],
            "2" : ["https://c.tenor.com/CQIMmoU_ipcAAAAC/no-bitches-bitches.gif", "replyImage"]
        },
        "pedo" : {
            "1" : ["stress", "reply"],
            "2" : ["udah gila", "reply"],
            "3" : ["https://stickershop.line-scdn.net/stickershop/v1/sticker/163322036/android/sticker.png", "replyImage"],
            "4" : ["https://c.tenor.com/9ckqI2zyVTkAAAAC/trollge-troll.gif", "replyImage"],
            "5" : ["https://c.tenor.com/kHcmsxlKHEAAAAAM/rock-one-eyebrow-raised-rock-staring.gif", "replyImage"],
            "6" : ["https://c.tenor.com/CQIMmoU_ipcAAAAC/no-bitches-bitches.gif", "replyImage"]
        },
        "gay" : {
            "1" : ["stress", "reply"],
            "2" : ["gay anjing", "reply"],
            "3" : ["https://c.tenor.com/kHcmsxlKHEAAAAAM/rock-one-eyebrow-raised-rock-staring.gif", "replyImage"]
        },
        "kecewa" : {
            "1" : ["yang sabar kak", "reply"],
            "2" : ["sabar ya kak", "reply"]
        },
        "seks" : {
            "1" : ["https://c.tenor.com/kHcmsxlKHEAAAAAM/rock-one-eyebrow-raised-rock-staring.gif", "replyImage"],
            "2" : ["https://c.tenor.com/VmxCjy966YwAAAAd/the-wok-the-rock.gif", "replyImage"],
            "3" : ["https://c.tenor.com/ij5WLJIu8A4AAAAi/the-rock.gif", "replyImage"],
            "4" : ["https://c.tenor.com/_3RUSj3OXxsAAAAS/the-jock-the-rock.gif", "replyImage"]
        },
        "ewe" : {
            "1" : ["https://c.tenor.com/kHcmsxlKHEAAAAAM/rock-one-eyebrow-raised-rock-staring.gif", "replyImage"],
            "2" : ["https://c.tenor.com/VmxCjy966YwAAAAd/the-wok-the-rock.gif", "replyImage"],
            "3" : ["https://c.tenor.com/ij5WLJIu8A4AAAAi/the-rock.gif", "replyImage"],
            "4" : ["https://c.tenor.com/_3RUSj3OXxsAAAAS/the-jock-the-rock.gif", "replyImage"],
            "5" : ["https://c.tenor.com/CQIMmoU_ipcAAAAC/no-bitches-bitches.gif", "replyImage"]
        },
        "eue" : {
            "1" : ["https://c.tenor.com/kHcmsxlKHEAAAAAM/rock-one-eyebrow-raised-rock-staring.gif", "replyImage"],
            "2" : ["https://c.tenor.com/VmxCjy966YwAAAAd/the-wok-the-rock.gif", "replyImage"],
            "3" : ["https://c.tenor.com/ij5WLJIu8A4AAAAi/the-rock.gif", "replyImage"],
            "4" : ["https://c.tenor.com/_3RUSj3OXxsAAAAS/the-jock-the-rock.gif", "replyImage"]
        },
        "cum" : {
            "1" : ["https://c.tenor.com/kHcmsxlKHEAAAAAM/rock-one-eyebrow-raised-rock-staring.gif", "replyImage"],
            "2" : ["https://c.tenor.com/VmxCjy966YwAAAAd/the-wok-the-rock.gif", "replyImage"],
            "3" : ["https://c.tenor.com/ij5WLJIu8A4AAAAi/the-rock.gif", "replyImage"],
            "4" : ["https://c.tenor.com/_3RUSj3OXxsAAAAS/the-jock-the-rock.gif", "replyImage"]
        },
        "crot" : {
            "1" : ["https://c.tenor.com/kHcmsxlKHEAAAAAM/rock-one-eyebrow-raised-rock-staring.gif", "replyImage"],
            "2" : ["https://c.tenor.com/VmxCjy966YwAAAAd/the-wok-the-rock.gif", "replyImage"],
            "3" : ["https://c.tenor.com/ij5WLJIu8A4AAAAi/the-rock.gif", "replyImage"],
            "4" : ["https://c.tenor.com/_3RUSj3OXxsAAAAS/the-jock-the-rock.gif", "replyImage"],
            "5" : ["https://c.tenor.com/CQIMmoU_ipcAAAAC/no-bitches-bitches.gif", "replyImage"]
        },
        "muat" : {
            "1" : ["ya mana muat", "reply"],
            "2" : ["muat kok", "reply"]
        },
        "kontol" : {
            "1" : ["kontol", "reply"],
            "2" : ["ih kasar", "reply"]
        },
        "kick" : {
            "1" : ["GAS", "reply"],
            "2" : ["Jangan kak", "reply"],
            "3" : ["gas", "reply"]
        },
        "assalamualaikum" : {
            "1" : ["Waalaikumsalam", "reply"]
        },
        "samlekom" : {
            "1" : ["salam yang bener kentod", "reply"]
        },
        "pagi" : {
            "1" : ["pagi", "reply"]
        },
        "siang" : {
            "1" : ["siang", "reply"]
        },
        "slebew" : {
            "1" : ["barbar", "reply"]
        },
        "Mati" : {
            "1" : [":(", "reply"]
        },
        "(haha)" : {
            "1" : ["owkowkowk", "reply"],
            "2" : ["wkwkwk", "reply"],
            "3" : ["hahahaha", "reply"],
            "4" : ["https://media.tenor.com/iHmhywCIPiAAAAAd/kodok-acumalaka.gif", "replyImage"]
        },
        "(laugh)" :{
            "1" : ["owkowkowk", "reply"],
            "2" : ["wkwkwk", "reply"],
            "3" : ["hahahaha", "reply"],
            "4" : ["https://media.tenor.com/iHmhywCIPiAAAAAd/kodok-acumalaka.gif", "replyImage"]
        },
        "acumalaka" :{
            "1" : ["https://media.tenor.com/iHmhywCIPiAAAAAd/kodok-acumalaka.gif", "replyImage"]
        }
    }
}